gene,mutation,drug,analysis_type,who_grade_all_datasets,who_grade_who_dataset,evidence_category
rpoB,S450L,Rifampicin,basic,Associated with Resistance,Associated with Resistance,WHO Confirmed
rpoB,H445Y,Rifampicin,basic,Associated with Resistance,Associated with Resistance,WHO Confirmed
rpoB,D435V,Rifampicin,basic,Associated with Resistance,Associated with Resistance,WHO Confirmed
rpoB,L452P,Rifampicin,basic,Associated with Resistance,Associated with Resistance,WHO Confirmed
rpoB,I491F,Rifampicin,basic,Associated with Resistance,Uncertain Significance,WHO Discordant

katG,S315T,Isoniazid,basic,Associated with Resistance,Associated with Resistance,WHO Confirmed
katG,S315N,Isoniazid,basic,Associated with Resistance,Associated with Resistance,WHO Confirmed
katG,S315R,Isoniazid,basic,Associated with Resistance,Associated with Resistance,WHO Confirmed
katG,W328L,Isoniazid,basic,Associated with Resistance,Associated with Resistance,WHO Confirmed
katG,R463L,Isoniazid,basic,Not Associated with Resistance,Not Associated with Resistance,Negative Control

MurB,R176H,None,full,NA,NA,Structural Showcase
MurB,Y210F,None,full,NA,NA,Structural Showcase
MurB,S257A,None,full,NA,NA,Structural Showcase