residue_start,residue_end,ss_type
8,13,Helix
22,25,Helix
41,56,Helix
105,116,Helix
121,125,Helix
169,172,Helix
210,218,Helix
226,241,Helix
249,253,Helix
265,278,Helix
296,304,Helix
335,355,Helix
22,25,Helix
41,55,Helix
105,116,Helix
121,125,Helix
133,138,Helix
169,172,Helix
210,217,Helix
226,241,Helix
249,253,Helix
296,304,Helix
335,355,Helix
22,25,Helix
41,56,Helix
58,62,Helix
105,116,Helix
121,125,Helix
169,172,Helix
210,218,Helix
226,241,Helix
249,253,Helix
265,279,Helix
296,304,Helix
335,355,Helix
22,25,Helix
41,56,Helix
58,62,Helix
105,116,Helix
121,125,Helix
168,172,Helix
210,217,Helix
226,241,Helix
249,253,Helix
265,279,Helix
296,304,Helix
335,354,Helix
22,25,Helix
41,55,Helix
105,116,Helix
121,125,Helix
169,172,Helix
210,215,Helix
226,242,Helix
249,253,Helix
296,304,Helix
335,355,Helix
21,25,Helix
41,54,Helix
105,116,Helix
121,125,Helix
210,217,Helix
226,240,Helix
249,253,Helix
265,279,Helix
296,305,Helix
335,355,Helix
14,20,Sheet
32,39,Sheet
82,86,Sheet
64,66,Sheet
72,74,Sheet
363,365,Sheet
91,94,Sheet
97,101,Sheet
190,198,Sheet
150,157,Sheet
162,167,Sheet
140,141,Sheet
144,145,Sheet
263,264,Sheet
292,295,Sheet
286,289,Sheet
318,320,Sheet
328,330,Sheet
14,20,Sheet
32,39,Sheet
82,86,Sheet
64,66,Sheet
72,74,Sheet
363,365,Sheet
91,94,Sheet
97,101,Sheet
190,198,Sheet
150,157,Sheet
162,167,Sheet
140,141,Sheet
144,145,Sheet
318,321,Sheet
324,330,Sheet
14,20,Sheet
32,39,Sheet
82,86,Sheet
64,65,Sheet
72,74,Sheet
363,365,Sheet
91,94,Sheet
97,101,Sheet
190,198,Sheet
150,157,Sheet
163,167,Sheet
140,141,Sheet
144,145,Sheet
263,264,Sheet
293,295,Sheet
286,287,Sheet
318,320,Sheet
328,330,Sheet
14,20,Sheet
32,39,Sheet
82,86,Sheet
64,66,Sheet
72,74,Sheet
363,365,Sheet
91,94,Sheet
97,101,Sheet
190,198,Sheet
150,157,Sheet
163,167,Sheet
140,141,Sheet
144,145,Sheet
263,264,Sheet
292,295,Sheet
286,289,Sheet
318,321,Sheet
324,330,Sheet
15,20,Sheet
32,39,Sheet
82,86,Sheet
64,66,Sheet
72,74,Sheet
363,365,Sheet
91,94,Sheet
97,101,Sheet
190,198,Sheet
150,157,Sheet
162,167,Sheet
140,141,Sheet
144,145,Sheet
318,320,Sheet
328,330,Sheet
37,39,Sheet
84,86,Sheet
65,66,Sheet
72,74,Sheet
363,365,Sheet
91,94,Sheet
97,101,Sheet
190,198,Sheet
150,157,Sheet
163,167,Sheet
140,141,Sheet
144,145,Sheet
263,264,Sheet
292,295,Sheet
286,289,Sheet
318,320,Sheet
328,330,Sheet
