Gene,Mutation,Evidence Category,Mutation Type,Wild Type AA,Mutant AA,Grantham Score,Grantham Interpretation,Charge Change,Polarity Change,Hydrophobicity Change,Molecular Weight Change,Size Change,Residue Role,Interaction Type,Conserved,Domain,Secondary Structure,Structural Relevance,Structural Impact,ΔΔG (kcal/mol),Stability Classification,Stability Subtier,Agreement Status,Unified Risk Score,Final Verdict,Confidence,Primary Driver
rpoB,S450L,WHO Confirmed,Missense,S,L,145,Moderately Radical Substitution,Neutral -> Neutral,Polar -> Nonpolar,-0.8 -> 3.8,105.09 -> 131.17,Small -> Large,NA,NA,NA,NA,NA,NA,NA,NA,NA,NA,NA,9,Clinically Confirmed Resistance,VERY HIGH,WHO Clinical Evidence
rpoB,H445Y,WHO Confirmed,Missense,H,Y,83,Moderately Conservative Substitution,Positive -> Neutral,Polar -> Polar,-3.2 -> -1.3,155.16 -> 181.19,Large -> Large,NA,NA,NA,NA,NA,NA,NA,NA,NA,NA,NA,9,Clinically Confirmed Resistance,VERY HIGH,WHO Clinical Evidence
rpoB,D435V,WHO Confirmed,Missense,D,V,152,Radical Substitution,Negative -> Neutral,Polar -> Nonpolar,-3.5 -> 4.2,133.10 -> 117.15,Medium -> Medium,NA,NA,NA,NA,NA,NA,NA,NA,NA,NA,NA,9,Clinically Confirmed Resistance,VERY HIGH,WHO Clinical Evidence
rpoB,L452P,WHO Confirmed,Missense,L,P,98,Moderately Conservative Substitution,Neutral -> Neutral,Nonpolar -> Nonpolar,3.8 -> -1.6,131.17 -> 115.13,Large -> Medium,NA,NA,NA,NA,NA,NA,NA,NA,NA,NA,NA,9,Clinically Confirmed Resistance,VERY HIGH,WHO Clinical Evidence
rpoB,I491F,WHO Discordant,Missense,I,F,21,Conservative Substitution,Neutral -> Neutral,Nonpolar -> Nonpolar,4.5 -> 2.8,131.17 -> 165.19,Large -> Large,NA,NA,NA,NA,NA,NA,NA,NA,NA,NA,NA,4,Uncertain Clinical Significance,MODERATE,WHO Clinical Classification
katG,S315T,WHO Confirmed,Missense,S,T,58,Moderately Conservative Substitution,Neutral -> Neutral,Polar -> Polar,-0.8 -> -0.7,105.09 -> 119.12,Small -> Medium,NA,NA,NA,NA,NA,NA,NA,NA,NA,NA,NA,9,Clinically Confirmed Resistance,VERY HIGH,WHO Clinical Evidence
katG,S315N,WHO Confirmed,Missense,S,N,46,Conservative Substitution,Neutral -> Neutral,Polar -> Polar,-0.8 -> -3.5,105.09 -> 132.12,Small -> Medium,NA,NA,NA,NA,NA,NA,NA,NA,NA,NA,NA,9,Clinically Confirmed Resistance,VERY HIGH,WHO Clinical Evidence
katG,S315R,WHO Confirmed,Missense,S,R,110,Moderately Radical Substitution,Neutral -> Positive,Polar -> Polar,-0.8 -> -4.5,105.09 -> 174.20,Small -> Large,NA,NA,NA,NA,NA,NA,NA,NA,NA,NA,NA,9,Clinically Confirmed Resistance,VERY HIGH,WHO Clinical Evidence
katG,W328L,WHO Confirmed,Missense,W,L,61,Moderately Conservative Substitution,Neutral -> Neutral,Nonpolar -> Nonpolar,-0.9 -> 3.8,204.23 -> 131.17,Large -> Large,NA,NA,NA,NA,NA,NA,NA,NA,NA,NA,NA,9,Clinically Confirmed Resistance,VERY HIGH,WHO Clinical Evidence
katG,R463L,Negative Control,Missense,R,L,102,Moderately Radical Substitution,Positive -> Neutral,Polar -> Nonpolar,-4.5 -> 3.8,174.20 -> 131.17,Large -> Large,NA,NA,NA,NA,NA,NA,NA,NA,NA,NA,NA,2,Not Associated with Resistance,HIGH,WHO Clinical Evidence
MurB,R176H,Structural Showcase,Missense,R,H,29,Conservative Substitution,Positive -> Positive,Polar -> Polar,-4.5 -> -3.2,174.20 -> 155.16,Large -> Large,substrate_contact,electrostatic,True,"Domain_II_FAD_active, Domain_III_substrate",Loop,HIGH,MODERATE,-0.70,Destabilizing,Mild,CONVERGENT,6,Convergent Moderate Risk,MODERATE,Substrate Recognition Residue
MurB,Y210F,Structural Showcase,Missense,Y,F,22,Conservative Substitution,Neutral -> Neutral,Polar -> Nonpolar,-1.3 -> 2.8,181.19 -> 165.19,Large -> Large,structural_loop,steric,True,"Domain_II_FAD_active, Domain_III_substrate",Helix,HIGH,LOW,-0.70,Destabilizing,Mild,PARTIAL,4,Indeterminate,LOW,Structural Organization Residue
MurB,S257A,Structural Showcase,Missense,S,A,99,Moderately Conservative Substitution,Neutral -> Neutral,Polar -> Nonpolar,-0.8 -> 1.8,105.09 -> 89.09,Small -> Small,proton_donor,acid_base_catalysis,True,Domain_III_substrate,Loop,HIGH,HIGH,-0.82,Destabilizing,Mild,PARTIAL,9,Mechanistically Disruptive,HIGH,Catalytic Proton Donor